年月日,名称・出来事,読み,補足,出典,出典URL
～1889年,米原村,まいはら／まいばら,『日本歴史地名大系』は「まいはらむら」としつつ「まいばらともよぶ」と記載。幕末期近世村領域データでは「まいばら」と収録され、読みの混在が確認できる。,平凡社『日本歴史地名大系』米原村（コトバンク）; CODH 幕末期近世村領域データセット,https://kotobank.jp/word/%E7%B1%B3%E5%8E%9F%E6%9D%91-3041463 ; https://geoshape.ex.nii.ac.jp/av/resource/K30/K30G09S00091.html
1889-04-01,入江村成立,いりえ,町村制施行に伴い、米原村などが合併して入江村となり、自治体名としての「米原村」は消える。,米原市立米原中学校「米原の歴史」等（地域史資料）,https://maibara-j-maibara.edumap.jp/page_20210501050800
1889-07-01,米原駅開業,まいばら,入江村成立から3か月後に米原駅が開業。,JR西日本 米原駅／鉄道史資料,https://eki.jr-odekake.net/top?id=0610147
1889～1923年,米原地区,―,米原駅を核に鉄道交通の要衝として発展。鉄道関係者が集住し、非農家人口が増加した近代交通集落となる。,関西大学リポジトリ掲載 地域史研究,https://kansai-u.repo.nii.ac.jp/record/5652/files/KU-1100-19990000-01.pdf
1923-11-15,米原町成立,まいはら,入江村が町制施行し、同時に米原町へ改称。駅は「まいばら」、町は「まいはら」となる。,平凡社『日本歴史地名大系』／小学館『日本大百科全書』等（コトバンク）,https://kotobank.jp/word/%E7%B1%B3%E5%8E%9F-135459
1956-09-01,新・米原町成立,まいはら,米原町、息郷村、醒井村が合併して新しい米原町が発足。,米原市「市の沿革・歴史」,https://www.city.maibara.lg.jp/soshiki/seisaku/kohotoukei/profile/shokai/938.html
1980年,米原IC・米原JCT供用,まいばら,供用開始時は鉄道駅と同じ「まいばら」と読まれていた。,米原市「米原市の読み方」; 東洋経済オンライン,https://www.city.maibara.lg.jp/soshiki/seisaku/kohotoukei/profile/shokai/2519.html ; https://toyokeizai.net/articles/-/512506?page=3
2001-06-04,米原IC・米原JCTの読み変更,まいばら → まいはら,旧米原町の読みに合わせ、「まいばら」から「まいはら」へ変更。変更日については道路史・報道等で2001年6月4日とされる。,米原市「米原市の読み方」; 東洋経済オンラインほか,https://www.city.maibara.lg.jp/soshiki/seisaku/kohotoukei/profile/shokai/2519.html ; https://toyokeizai.net/articles/-/512506?page=3
2005-02-14,米原市成立,まいばら,米原町・山東町・伊吹町が合併。駅名などで全国的に知名度の高い「まいばら」を新市名の読みに採用。,米原市「米原市の読み方」,https://www.city.maibara.lg.jp/soshiki/seisaku/kohotoukei/profile/shokai/2519.html
2005-10-01,近江町を編入,まいばら,近江町との合併により現在の米原市域となる。,米原市「米原市の読み方」; デジタル大辞泉,https://www.city.maibara.lg.jp/soshiki/seisaku/kohotoukei/profile/shokai/2519.html ; https://kotobank.jp/word/%E7%B1%B3%E5%8E%9F-135459
現在,米原市,まいばら,現在の市名の公式読み。,米原市「米原市の読み方」,https://www.city.maibara.lg.jp/soshiki/seisaku/kohotoukei/profile/shokai/2519.html
現在,米原駅,まいばら,現在のJR米原駅の読み。,JR西日本 米原駅,https://eki.jr-odekake.net/top?id=0610147
現在,米原IC・米原JCT,まいはら,旧米原町に合わせて変更された読みを合併後も継続。,米原市「米原市の読み方」,https://www.city.maibara.lg.jp/soshiki/seisaku/kohotoukei/profile/shokai/2519.html
現在,米原市米原,まいばらし まいはら,市名は「まいばら」、旧来の行政区名「米原」は「まいはら」。,米原市「米原市の読み方」,https://www.city.maibara.lg.jp/soshiki/seisaku/kohotoukei/profile/shokai/2519.html
